{"_runtime":232.255218,"_step":0,"_wandb":{"runtime":1150},"episode_length":84.76190185546875,"return":-0.04285712540149689,"timesteps":0,"update":0,"_timestamp":1.742233096280758e+09}